name,facility_type,address,phone,monthly_fee_min,monthly_fee_max,image,capacity,room_type,care_level,services,features,cost_score,medical_score,facility_score,website_url
グループホームちいさな手・横浜こうなん,グループホーム,神奈川県横浜市港南区最戸１丁目２３ー２３ 笠原ビル,0453258780,"177,000",,https://shafuku-doujinkai.or.jp/facility/nursing-home/shinisogo-home,27名,個室,要支援2〜要介護5,介護,可愛らしい外観と内装が特徴です。また、駐車スペースも広く、花壇と畑も完備されていて園芸には最適です。,2.5,3,3.8,https://medicalcare-group.com/facility/yokohama-konan/
グループホーム わかたけ西菅田,グループホーム,神奈川県横浜市神奈川区菅田町108,0454780700,"149,000",,https://wakatake.net/wp-content/uploads/2020/07/img13@2x-498x350-1.jpg,18名,個室,要支援2〜要介護5,介護,お一人おひとりのライフスタイルやペースを大事に、ゆったり暮らせます。食事は好きなメニューを皆で作ります。たまに外食や出前の楽しみ、飲酒もできます。,3.7,2,4.5,https://wakatake.net/category/facility/groupnisi/
グループホーム華寿園,グループホーム,神奈川県横浜市旭区市沢町５７１ー１,0453510021,"123,000",,https://kajuen.you-wa-kai.or.jp/images/top/top_img01.jpg,18名,個室,要支援2〜要介護5,介護,夜間の防犯目的以外に「鍵」をかけず、自由に出入りができるよう温かく見守ります。,4.3,2,3.4,https://kajuen.you-wa-kai.or.jp/
若草の丘,グループホーム,神奈川県横浜市保土ケ谷区保土ケ谷町３丁目１９２,0453156431,"156,000",,https://shuhokai.or.jp/office/hodogaya-ku/images/gh-wakakusa-img01.jpg,9名,個室,要支援2〜要介護5,介護、訪問診療,保土ヶ谷区の元町自治会内に設立し、自治会や地域の福祉系サービス事業所と連携を取りながら、ご入居者に生活を送って頂いてます。 ケアプラザや自治会の行事には可能な範囲で参加していただいています。,3.5,3.8,4.2,https://shuhokai.or.jp/office/hodogaya-ku/gh-wakakusa.php
グループホーム 和楽の里,グループホーム,神奈川県横浜市緑区北八朔町１２７２ー２,0459374033,"122,000",,https://www.oueikai.or.jp/files/libs/1176/t/202608070926119047.jpg?1786062375,18名,個室,要支援2～要介護5,介護,グループホームでは珍しい、木造平屋造りの建物なのでとても明るく、広々とした空間の中で、２つのユニットの入居者様同士が自由に行き来されのびのびと過ごせる環境です。,4.2,3,3.3,https://www.oueikai.or.jp/pages/29/
グループホーム三ツ沢南の丘,グループホーム,神奈川県横浜市神奈川区三ツ沢南町１３ー３,0452900356,"141,000",,https://img.minnanokaigo.com/shisetsu/22478/pic/816d0cb4-672f-4252-a415-340fd8589772.jpg?w=800&h=600tp://crayonimg.e-shops.jp/cms-dimg/1167456/2892728/460_801.png,,,要支援2〜要介護5,介護、往診,一人一人の自主性や残存能力に目をむけて、その維持及び改善の方向への援助をしていきます。,3.8,3,4.1,http://m-minaminooka.or.jp/
有料老人ホーム 白神,有料老人ホーム,神奈川県横浜市港南区笹下１丁目４ー４３ 有料老人ホーム白神,0458403031,"122,900",,"https://static.wixstatic.com/media/5b9669_bb70467a5f9546758338d09e708cc038‾mv2_d_2304_1728_s_2.png/v1/fill/w_1502,h_540,al_c,q_90,usm_0.66_1.00_0.01,enc_avif,quality_auto/%E7%99%BD%E7%A5%9E.png",42名,個室,自立〜要介護５,介護、訪問診療,共用浴室には、リフト浴を設置、お身体の不自由な方でもご安心いただけます。また、毎日のお食事も、毎月の行事食の提供や、常食からミキサー食まで個々の状態に合わせた提供をしています。,4.3,3.3,3,https://sakura-kai.wixsite.com/sakura-kai/blank-3
住宅型有料老人ホームくるみ,有料老人ホーム,神奈川県横浜市港南区上永谷４丁目６,0453504303,"121,500",,https://full-life.main.jp/kurumi0.png,23名,個室,要介護1〜5,介護,閑静な住宅街の中にあり、地域社会に溶け込める環境で、自宅にいるような感覚で過ごせます。,4.4,2.5,2.5,https://full-life.main.jp/kurumi.html
まどか武蔵新城,有料老人ホーム,神奈川県川崎市高津区千年935,0120171165,"322,800",,https://media.e-nursingcare.com/upload/cd922967-b33b-46a1-866e-4c64edbfd232/C4kSoCTZY62LRVBu4wiPhdrijTSDMZYID2m29jqV.webp,58名,個室,自立〜要介護５,介護、医療,「いつもと同じ」顔なじみの集まる、居心地の良いリビング。安心感がもてる環境作りに努めています。,2.5,3.8,4,https://kaigo.benesse-style-care.co.jp/area_kanagawa/kawasaki/home_m-musashishinjyo
メディカルホームくらら青葉台,有料老人ホーム,神奈川県横浜市青葉区青葉台2-30-1,0459881165,"415,930","464,330",https://media.e-nursingcare.com/upload/686b3c12-f137-477d-9341-f28b3a3086c4/UWYEQf2Nk00syPFo2I86PFanIhlV6gGfdtgpxMy8.webp,77名,個室,自立〜要介護５,介護、医療,フロアごとによる「個別性」と、他フロアとの交流による「社会性」を大切にし、メリハリのあるご生活を送っていただけるようサポート致します。,2,4,4,https://kaigo.benesse-style-care.co.jp/area_kanagawa/yokohama/home_k-aobadai?utm_source=yahoo&utm_medium=cpc&utm_campaign=%5B%E5%AE%9A%E5%B8%B8%5D%E6%A4%9C%E7%B4%A2_%E6%8C%87%E5%90%8D&utm_content=%E3%83%9B%E3%83%BC%E3%83%A0%E5%90%8D%EF%BC%9A%E3%83%A1%E3%83%87%E3%82%A3%E3%82%AB%E3%83%AB%E3%83%9B%E3%83%BC%E3%83%A0%E3%81%8F%E3%82%89%E3%82%89%E9%9D%92%E8%91%89%E5%8F%B0&waad=1mXBQ2ZW&prefix=a71145400nh&yclid=YSS.1000399934.EAIaIQobChMI67Ckv-ThlgMVAfMWBR0ZWDxWEAAYASAAEgLZ1_D_BwE&sa_p=YSA&sa_cc=1000399934&sa_t=1788966758178&sa_ra=6A
リハビリホームグランダ鶴ケ峰,有料老人ホーム,神奈川県横浜市旭区西川島町60-4,0453702580,"473,910","1,160,170",https://d3lqfxv2uj61gi.cloudfront.net/kaigo/facility/1072/62249/01_1b67c5385fed4aa95a388ef209c8e981.webp?width=1120&height=840&o=jpg,55名,個室,自立〜要介護５,介護、医療,多職種が連携し、チームとなってご入居者様の暮らしをサポートいたします。,2,3.9,4.2,https://kaigo.benesse-style-care.co.jp/area_kanagawa/yokohama/home_gd-tsurugamine
アズハイム横浜上大岡,有料老人ホーム,神奈川県横浜市南区別所３丁目２０ー１６,0120834260,"380,000",,https://as-heim.com/wp/wp-content/uploads/2021/11/top_kamiooka01.jpg,60名,個室,要支援〜要介護,介護、リハビリ,アズハイムでは月に１度’おもてなしグルメランチ’を開催。追加料金なしで、いつもより少し豪華な食事や、季節の素材を取り入れた食事などご提供しています。,2.5,3.5,4.1,https://as-heim.com/facility/kamiooka/
エクセレント横濱桜並木,有料老人ホーム,神奈川県横浜市南区井土ケ谷中町３０ー３,0457211165,"234,100",,https://www.excare.co.jp/asset/rs/01/yokohama/img/kv.jpg,70名,個室,要介護1〜5,介護、医療,住み慣れた環境の中で、馴染みのある四季折々の風景や行事に触れながら、地域とのつながりをいつまでも感じていただけるホームです,3,4,4.3,https://www.excare.co.jp/facility/01/yokohama/
特別養護老人ホーム 南太田ホーム,特別養護老人ホーム,神奈川県横浜市南区南太田２丁目１１ー４,0452506771,"86,550",,https://yoko-fukushi.or.jp/cp-bin/wordpress5/wp-content/themes/yswa/cmn/img/shisetu/minamiohta/mainvis_01.jpg,96名,個室、2人部屋，4人部屋,要介護3〜5,介護,小高い丘にあり、市街地の喧噪から少し離れ、静かで緑にかこまれています。各居室は陽当たりがよく、木のぬくもりを感じる明るく暖かい造りになっています。,3.5,3,3,https://yoko-fukushi.or.jp/facility/minamiohta/
特別養護老人ホーム 横浜市天神ホーム,特別養護老人ホーム,神奈川県横浜市南区浦舟町３丁目４６,0452515906,"80,280",,https://yoko-fukushi.or.jp/cp-bin/wordpress5/wp-content/themes/yswa/cmn/img/shisetu/tenjin/mainvis_01.jpg,78名,個室、2人部屋,要介護3〜5,介護,「一人ひとりの生き方を大切に」「目的を持った生活を大切に」「ご家族や他の人のふれあいを大切に」をモットーに、ご利用者の皆さまが優しさと温かさのなかで毎日過ごしていただけるよう心掛けています,3.6,3,3.2,https://yoko-fukushi.or.jp/facility/tenjin/
特別養護老人ホーム 笹の風,特別養護老人ホーム,神奈川県横浜市港南区笹下４丁目１２ー３５,0458404165,120330,,https://jurakuen.jp/yokohama/img/pic04.jpg,140名,個室,要介護3〜5,介護、リハビリ,敷地内には竹林や中庭があり、室内から緑や日の光を感じる事ができます。,2.9,3.3,3,http://jurakuen.jp/yokohama/sasanokaze.html
南永田 桜樹の森,特別養護老人ホーム,神奈川県横浜市南区永田南１丁目２ー３７ 特別養護老人ホーム南永田桜樹の森,0457112200,"80,220",,https://shuhokai.or.jp/office/minami-ku/images/nursing-home-img02.jpg,82名,2人部屋,要介護3〜5,介護,桜樹の森の居室は二人部屋が多いのですが、全て間仕切りをしているため、個室のしつらえとなっており、プライバシーの確保も安心です。また、家具等の持ち込みも自由にしていただけます。,3.7,3,2.9,http://shuhokai.or.jp/office/minami-ku/nursing-home-ouju.php
特別養護老人ホーム けいあいの郷 山王台,特別養護老人ホーム,神奈川県横浜市南区永田山王台３９ー１,0457160580,"131,100",,https://keiainosato-sannoudai.jp/gsh/wp-content/themes/sannoudai/img/p01/img01.jpg,190名,個室,要介護3〜5,介護,山王台では「ご自身が暮らし方を決める」を基本に生活の支援をします。自由に、より楽しく暮らせるような工夫をしています。,2.9,3.2,3,https://keiainosato-sannoudai.jp/
特別養護老人ホーム 新磯子ホーム,特別養護老人ホーム,神奈川県横浜市磯子区滝頭２丁目２９ー１,0457505585,"135,000",,https://shafuku-doujinkai.or.jp/wp/wp-content/uploads/2022/08/shinisogo-exterior.png,120名,,要介護3〜5,介護,これまでの住み慣れたお部屋の雰囲気を大切に、家庭的で温もり溢れる居住空間をお約束いたします。市街地にありつつも、違和感を感じさせないそのフォルムには、洗練された洋風の佇まいと、ほどよい和の温もりが『癒し』を演出しています。,2.8,3.5,3.5,https://shafuku-doujinkai.or.jp/facility/nursing-home/shinisogo-home
特別養護老人ホーム 和みの園,特別養護老人ホーム,神奈川県横浜市戸塚区東俣野町1705,0458510753,"92,730",,https://nagominosono.jp/home/wp-content/uploads/2019/08/th_DSC_2280.jpg,80名,個室、2人部屋,要介護3〜5,介護,ともに和み　ともに歩む「みんなの居場所」誰もが笑顔でいられる.安心できる.自分らしくいられる.つながれる.成長できるみんなの居場所を創り続けます。,3.8,3.5,4.3,https://nagominosono.jp/